i,j,EBC,CFEdge,BridgeImpact,MinCutCrit,line_name,line_voltage,length_m
389,433,0.03626688723462917,0.05835539620556105,0.0,8.271298593879239e-05,"中沢線1,2号線",275000,1530.67365593395
389,6388,0.03113178935759582,0.07062163665176105,0.0,0.0037220843672456576,中東京信濃川線,500000;154000,35767.063144589
389,6036,0.002879790460435622,0.029580155648658568,0.0,0.0015715467328370554,旭ヶ丘線; 日高線,275000,4007.32973551566
389,5914,0.019295561069754625,0.04791894790477657,0.0,0.006038047973531845,中東京幹線,275000,393.979392521079
389,467,0.03523986765922251,0.07645563380703914,0.0,0.0023986765922249793,武蔵赤坂線,154000,8972.34248162508
399,433,0.06049647485131353,0.11403042534258984,0.0,0.00016542597187758478,新坂戸線 (Shin Sakado Sen),500000,6574.26211656818
433,5785,0.16945511477769556,0.17202891458282105,0.0,0.00380479735318445,新所沢線 (Shin Tokorozawa Sen),500000,15423.8262159238
158,433,0.20199468989791575,0.08677378764051427,0.0,0.00024813895781637717,南川越線;南川越線 (Minamikawagoe Sen),275000;275000,10806.3529091414
433,6036,0.018489109456851387,0.049711841420786204,0.0,0.0016542597187758478,南狭山線 (Minamisayama-sen),275000,4669.10319008206
433,6063,0.2781300599042533,0.15339066333228288,0.0,0.002315963606286187,新古河線 (Shin Koga Sen),500000,7638.41576885053
511,596,0.09542237332559911,0.12951485185654263,0.0,8.271298593879239e-05,,275000,22791.2997094834
596,6053,0.08257763741634701,0.08774231289757896,0.0,0.006038047973531845,,275000,11939.3830218432
596,9119,0.024941903974162065,0.07351461718947307,0.0,0.007692307692307693,,500000,39570.7871988597
596,7150,0.03871041145234688,0.06738457766641419,0.0,0.004714640198511167,新京葉線;房総線;房総線;房総線;新京葉線;房総線;房総線;房総線,500000;500000;500000;500000;500000;500000;500000;500000,4141.94804589746
5886,596,0.08813870717096521,0.1021561413583938,0.0,0.00033085194375516956,房総線;新京葉線;新京葉線;新京葉線;房総線;新京葉線;新京葉線;房総線,500000;500000;500000;500000;500000;500000;500000;500000,23813.1864101691
596,6057,0.07444168734491315,0.07444168734491335,0.038461538461538436,0.01827956989247312,江東線,275000;66000,313.648766571559
473,511,0.01282051282051282,0.012820512820513096,0.0064102564102563875,0.008188585607940446,,275000,8199.11933475189
511,5886,0.0022332506203473945,0.04776607899616263,0.0,0.00041356492969396195,新京葉線,275000,295.322473177641
511,5887,0.09630543291833611,0.07753153846026359,0.0,0.002150537634408602,新京葉線,500000,302.64616072197
511,9349,0.01834534640986253,0.11508236142676395,0.0,0.012241521918941274,東京北線 (Tōkyō Kita Sen),275000,3380.55376996751
627,981,0.09892551892551893,0.1229761971143004,0.0,0.00967741935483871,新榛名線,500000,67545.81910491
627,628,0.08800740478159834,0.11609401867805187,0.0,0.0014061207609594706,,500000,1897.54661926685
6877,981,0.01282051282051282,0.012820512820513302,0.0064102564102563875,0.01174524400330852,,500000;500000,323.073321014981
1605,981,0.12330402572338056,0.19188969635777509,0.0,0.0022332506203473945,,500000,34604.2217447193
479,981,0.07025664299857846,0.12410461051279105,0.0,0.0016542597187758478,,500000;500000;500000,48233.3872261934
2226,399,0.03638130686517783,0.06567687146497145,0.0,0.007857733664185277,新坂戸線 (Shin Sakado Sen),500000;500000,23761.697860031
399,6094,0.028827641892158026,0.09714243941671447,0.0,0.0064516129032258064,群馬幹線,154000;154000;66000,3196.51729435245
399,6063,0.024145299145299143,0.06985534362521464,0.0,0.0024813895781637717,群馬幹線,154000;154000;66000,3569.26466201067
1602,399,0.06719012170625077,0.17325603922091565,0.0,0.010421836228287842,東京中線;東京中線;東京中線,275000;66000;275000;275000,3651.92721951398
497,507,0.08108203624332662,0.11781337715745302,0.0,0.001075268817204301,新秦野線 (Shin Hatano Sen),500000,25465.586947428
497,5741,0.07242900468706918,0.10845392916226049,0.0,0.01555004135649297,秦浜線; 湘南線,275000;154000;275000,11905.6235023171
479,497,0.13958768829736568,0.18194457919455437,0.0,0.0018196856906534326,新多摩線 (Shin Tama Sen);新多摩線 (Shin Tama Sen);新多摩線 (Shin Tama Sen),500000;500000;500000,39546.4468379798
507,6710,0.020981527433140336,0.051845558239463324,0.0,0.004962779156327543,,154000,13113.2825521387
507,5852,0.054920634920634905,0.10755112376608492,0.0,0.014392059553349877,,500000,7729.76078205436
507,5856,0.04667422183551215,0.07858495713822976,0.0,0.0016542597187758478,,275000,5347.84794520837
320,597,0.025475599669148058,0.025475599669148138,0.012820512820512775,0.009015715467328371,那珂線 (Naka Sen),275000,27475.3385162828
219,320,0.01282051282051282,0.012820512820512936,0.0064102564102563875,0.010421836228287842,,275000,6651.66749600215
415,597,0.07207435933242386,0.1366032476140445,0.0,0.0017369727047146402,福島幹線,500000,48514.1830025338
218,597,0.13309862180829918,0.18899619305799392,0.0,0.004631927212572374,新茂木線 (Shin Motegi Sen);新茂木線 (Shin Motegi Sen),500000;500000;500000,26837.2737485788
420,597,0.0781458505652054,0.09042978115598735,0.0,0.0008271298593879239,福島幹線,500000,58557.9760316945
218,477,0.01282051282051282,0.012820512820513037,0.0064102564102563875,0.008105872622001655,,500000,11047.6684276542
218,6775,0.13309862180829918,0.1855049069551959,0.0,0.007030603804797354,,500000;500000,89702.3990618704
415,420,0.13182251440315967,0.10397464052542736,0.0,0.0009098428453267163,新筑波線 (Shin Tsukuba Sen),500000,9144.84667210146
415,6045,0.19653541798703097,0.19892107106681522,0.0,0.005789909015715467,新佐原線,500000,32823.8577114395
312,420,0.10866083737051478,0.11129449933213287,0.0,8.271298593879239e-05,河北1・2線 (Kahoku 1・2 Sen),275000,16622.5160060243
420,5887,0.2111466490498748,0.1723380131431556,0.0,0.006699751861042184,新京葉線,500000,21569.036267
420,5790,0.023752412462089884,0.04626422719075549,0.0,0.0076095947063689,河北3・4線 (Kahoku 3・4 Sen),275000,11876.1752061955
1006,420,0.30033160387999086,0.2053139318896353,0.0,0.008602150537634409,新古河線 (Shin Koga Sen),500000,12853.4023480628
146,628,0.07804048997597385,0.11185113917732731,0.0,0.0023986765922249793,新吾妻線;新吾妻線;新吾妻線,500000;500000;500000,6726.23993784526
434,5785,0.051122784026009865,0.07383985279427514,0.0,0.003970223325062035,,154000,458.320510265401
434,5786,0.03796526054590571,0.03796526054590578,0.019230769230769273,0.014226633581472291,青梅線 (Ōme Sen),275000,10193.2277643779
434,5839,0.013846798362927404,0.06138047937925593,0.0,0.007113316790736146,,275000,15928.6519301553
479,5785,0.12398438479083648,0.10940698795760984,0.0,0.0009925558312655087,新所沢線 (Shin Tokorozawa Sen),500000,18855.2847704253
1395,146,0.01282051282051282,0.012820512820513611,0.0064102564102563875,0.008271298593879239,東群馬幹線;東群馬幹線,500000;500000,43936.9834536678
146,7911,0.062448304383788254,0.06244830438378894,0.03205128205128205,0.039205955334987594,新新潟幹線,500000,25823.2803162955
146,500,0.0315282208830596,0.097152129811505,0.0,0.002977667493796526,西群馬幹線;西群馬幹線 (Nishi Gunma Kansen),500000;500000;500000;500000;500000,136875.323567207
312,6069,0.07444168734491315,0.07444168734491328,0.038461538461538436,0.01695616211745244,西越谷線 (Nishi Koshigaya Sen),275000,9624.41707171768
312,5788,0.014212848083815824,0.044303626092145665,0.0,0.006534325889164599,,275000;154000,2797.33805330698
312,5766,0.025888376856118788,0.1167867893483503,0.0,0.007113316790736146,東京北線 (Tōkyō Kita Sen),275000,2388.2425223831
312,5793,0.05028949545078577,0.05028949545078609,0.02564102564102566,0.01315136476426799,春日部線 (Kasukabe Sen),275000,5413.40463701709
312,5567,0.06437788018433183,0.1736124312085036,0.0,0.006038047973531845,東京中線;東京中線;東京中線,275000;66000;275000;275000,12281.1063170097
189,5748,0.05028949545078577,0.05028949545078623,0.02564102564102566,0.023076923076923078,東京西線;東京西線;東京西線;東京西線;東京西線; 愛宕線,275000;275000;275000;275000;275000;66000,5759.84106547467
189,401,0.20015511370350086,0.20662602028902335,0.0,0.0048800661703887515,只見幹線;只見幹線;只見幹線,275000;275000;275000,16966.2398922405
189,5564,0.0669285911221395,0.07291267063007423,0.0,0.0022332506203473945,"京浜線3,4号線;京浜線3,4号線",275000;275000,9310.28983338234
175,189,0.01282051282051282,0.012820512820513615,0.0064102564102563875,0.011827956989247311,港北線,275000,4289.42488033391
188,189,0.03796526054590571,0.037965260545906175,0.019230769230769273,0.012737799834574029,西北線,275000,1128.00200231988
189,9174,0.0498380472574021,0.1193014585659897,0.0,0.008850289495450785,佐久間東幹線;佐久間東幹線;佐久間東幹線;佐久間東幹線;佐久間東幹線;佐久間東幹線,275000;275000;275000;275000;275000,11358.6379345222
181,189,0.0669285911221395,0.07291267063007442,0.0,0.002150537634408602,"京浜線1,2号線;京浜線1,2号線;京浜線1,2号線",275000,9050.78933176313
1065,5748,0.03796526054590571,0.037965260545905946,0.019230769230769273,0.002150537634408602,府中線;東京西線; 由木線;東京西線; 由木線;東京西線; 由木線; 府中線;府中線,66000;275000;66000;275000;66000;275000;66000;66000,870.974564955157
332,6545,0.01282051282051282,0.01282051282051295,0.0064102564102563875,0.0020678246484698098,新座線; 下清戸線;新座線; 下清戸線,275000;154000;275000;154000,3397.62871362881
5972,6545,0.025475599669148058,0.025475599669148315,0.012820512820512775,0.01488833746898263,新座線;新座線; unknown;新座線; unknown,275000;275000;275000,5682.61630242648
1065,7207,0.025475599669148058,0.025475599669148478,0.012820512820512775,0.0022332506203473945,東京西線; 由木線; 府中線;東京西線; 由木線; 府中線;東京西線,275000;66000;275000;275000,3931.08283165946
6418,7207,0.01282051282051282,0.012820512820513157,0.0064102564102563875,0.008602150537634409,東京西線; 由木線,275000,267.941499758699
5741,5843,0.06192445547284257,0.10057189102816233,0.0,0.0034739454094292804,秦浜線; 湘南線; 東秦野線,275000;154000,252.796693455541
500,5850,0.026965221158769544,0.09719529235056278,0.0,0.003391232423490488,,500000,663.058132174991
5850,5852,0.04400252077671433,0.10239478932785472,0.0,0.006534325889164599,,500000,21692.5954888674
2104,5850,0.01282051282051282,0.012820512820513214,0.0064102564102563875,0.012655086848635236,,500000;500000;500000,18820.4719968942
489,5843,0.051419906258615936,0.09445259416921628,0.0,0.0037220843672456576,秦浜線;秦浜線; 大神線,275000;275000;66000,1041.5351316572
489,5695,0.04108078301626689,0.09009603858542244,0.0,0.003970223325062035,秦浜線; 下沖線;秦浜線; 下沖線,275000;66000;275000;66000,3258.53150229677
223,8639,0.06622229025454836,0.09509180698713854,0.0,0.0037220843672456576,,500000;500000,79120.5219091187
223,6045,0.08189246237633335,0.1045141688293938,0.0,0.00041356492969396195,新佐原線,500000,33525.3643039355
223,9119,0.024484619323328988,0.07239450795701939,0.0,0.007857733664185277,,500000,3558.7612803608
223,5639,0.031265508684863524,0.07939691078794227,0.0,0.01248966087675765,,275000,18313.9837017457
510,8639,0.03742989984925469,0.08744537505033297,0.0,0.004962779156327543,,275000;275000;275000,22553.4591832971
6195,8639,0.025475599669148058,0.02547559966914817,0.012820512820512775,0.013730355665839538,富津火力線;富津火力線,66000;500000;66000;500000,2786.49215625636
5695,5697,0.032230493520816104,0.08750222427677741,0.0,0.004466501240694789,秦浜線,275000,267.888343199517
458,5697,0.02382133995037221,0.08667115124328732,0.0,0.004549214226633582,秦浜線; 相模川線; 海老名西線;秦浜線; 相模川線; 海老名西線,275000;66000;275000;66000,1199.19929552079
458,5731,0.01668045216432313,0.08760281948494716,0.0,0.008354011579818032,綾瀬線;中綾線;秦浜線; 中綾線; 綾瀬線;秦浜線,275000;66000;275000,2011.41123511121
158,5972,0.038496002205679634,0.06348096548655058,0.0,0.004383788254755997,狭山線 (Sayama Sen),154000,5474.00186843182
158,6094,0.024912560557721845,0.09600861754002916,0.0,0.006534325889164599,,275000,5184.06491533079
158,429,0.18441345392958283,0.10767413295868615,0.0,0.0005789909015715467,只見幹線 (Tadami Kansen),275000,5881.34199806444
1605,6388,0.033690377722635785,0.07010544461356273,0.0,0.004218362282878412,,275000,13351.503049612
6388,662,0.01282051282051282,0.012820512820514602,0.0064102564102563875,0.011993382961124897,,500000,11681.1295980913
401,429,0.20663429760203952,0.20997795310674777,0.0,0.0056244830438378825,只見幹線;只見幹線 (Tadami Kansen);只見幹線 (Tadami Kansen),275000;275000,12143.7480080861
429,5971,0.01179349324510615,0.05546067679221334,0.0,0.007526881720430108,新座線; 狭山線; 脇田線,275000;154000;66000,1131.80927859001
429,467,0.030719602977667487,0.10415098832640009,0.0,0.0028122415219189413,南狭山線;南狭山線; 日高線;日高線,275000;275000;66000,3684.5723476202
5971,5972,0.008057623380204026,0.05248400722230861,0.0,0.008519437551695616,新座線;狭山線,275000;154000,1937.28383175493
5936,6069,0.062448304383788254,0.06244830438378833,0.03205128205128205,0.006947890818858561,西越谷線 (Nishi Koshigaya Sen),275000,346.962683937791
6042,6043,0.011757650951199343,0.0370817552605867,0.0,8.271298593879239e-05,,275000,341.675477084657
5886,6042,0.03322029225255031,0.07657313656961436,0.0,0.018775847808105872,新京葉線,275000,17020.2437046135
6042,8349,0.01175765095119934,0.03708175526058665,0.0,0.00024813895781637717,,275000,306.392325153305
6043,6044,0.015827129859387917,0.03680236328141551,0.0,0.00024813895781637717,,275000,208.26555312713
6043,6885,0.01276537082988696,0.01695616211745253,0.0,0.00587262200165426,,66000,313.103522576064
6044,6045,0.04138682106424043,0.07573496063210046,0.0,0.018858560794044667,,275000,5827.44263254114
6044,8349,0.015827129859387917,0.03680236328141582,0.0,0.00041356492969396195,,275000,244.066506989631
479,5839,0.023318903318903326,0.0678596624644488,0.0,0.00794044665012407,,275000,3289.78848499555
6195,8638,0.01282051282051282,0.01282051282051303,0.0064102564102563875,0.0040529363110008276,富津火力線,500000,26129.5025530736
2201,6090,0.006658395368072788,0.023228563551144537,0.0,0.0063688999172870145,横須賀線;三崎線,66000;66000,2343.73042131739
2201,5849,0.00674110835401158,0.02328370554177023,0.0,0.009429280397022333,"東京南線3,4号線",275000,15732.5622050371
5819,6090,0.01889991728701406,0.027309070857457884,0.0,0.006534325889164599,"東京南線1,2号線",275000,21422.3257134271
398,5819,0.031224152191894127,0.03552522746071289,0.0,0.003556658395368073,"東京南線1,2号線",275000,10659.1993403079
398,6092,0.09200441135925007,0.11802333913608187,0.0,0.008271298593879239,"京浜線1,2号線",275000,3879.65545595301
398,5731,0.023104494072236005,0.09029722900175982,0.0,0.009263854425144748,秦浜線,275000,6786.45576188507
398,453,0.04363110008271299,0.0396608767576521,0.0,0.007692307692307693,"東京南線3,4号線",275000,5073.25363288747
6035,6036,0.010202646815550043,0.03943554286679001,0.0,0.008436724565756825,南狭山線 (Minamisayama-sen),275000,1304.00586442272
510,7150,0.02870214015375303,0.06371565778835805,0.0,0.006120760959470637,房総線,500000,35058.7312149505
510,5898,0.03818332205428978,0.07392404922659362,0.0,0.009098428453267164,,275000,9813.42397163273
510,6607,0.01282051282051282,0.012820512820512919,0.0064102564102563875,0.012572373862696443,東千葉房総線 (Higashi Chiba Bōsō Sen),154000;275000;275000,5114.09568326291
5900,6053,0.049078878111136155,0.06903213435934064,0.0,0.007526881720430108,,275000,4943.77752978356
5898,5900,0.019054064215354553,0.06365282402116512,0.0,0.009181141439205955,,275000,9137.49863036782
5900,5901,0.025475599669148058,0.025475599669149546,0.012820512820512775,0.01248966087675765,,275000,286.544444020451
6053,6067,0.025475599669148058,0.025475599669148113,0.012820512820512775,0.012241521918941274,花見川線,275000,4742.02844590835
2081,6060,0.01282051282051282,0.012820512820513072,0.0064102564102563875,0.009015715467328371,,275000,379.171554937614
6060,8606,0.041328921974083395,0.042487503146690066,0.0,0.003970223325062035,,275000,1738.72285637696
5640,6060,0.017011304108078232,0.029821627647714923,0.0,0.02349048800661704,,275000,994.589637537739
5567,5940,0.01282051282051282,0.012820512820513625,0.0064102564102563875,0.009098428453267164,上尾線;東埼玉線;?,275000;154000,7372.08345428526
1602,5567,0.06619756587498526,0.1703915373144266,0.0,0.011248966087675765,東京中線;東京中線;東京中線,275000;66000;275000;275000,8980.89889454337
5856,6710,0.00449407223600772,0.04877795953380659,0.0,0.006617038875103391,,275000,11764.1107526254
275,5856,0.043365702397960455,0.11713274763249097,0.0,0.010090984284532672,佐久間東幹線;中津線,275000;66000,52085.0692118085
6710,6756,0.01282051282051282,0.012820512820515134,0.0064102564102563875,0.01282051282051282,,275000,50895.7549846188
1196,6045,0.08949545078577337,0.08521784897188879,0.0,0.011993382961124897,,275000,9423.13769204853
1196,8606,0.07816377171215881,0.07995983281714886,0.0,0.011579818031430935,,275000,36586.8614965737
2082,8606,0.045437000275709925,0.044630848347538964,0.0,0.019768403639371383,,275000,5105.38493754315
5639,8606,0.019933829611248965,0.07530308226999115,0.0,0.012158808933002481,,275000;275000,715.303480329758
5642,6935,0.004273504273504257,0.010243823497680436,0.0,8.271298593879239e-05,,275000,344.07799763407
5640,5642,0.00033085194375516956,0.013798683784658488,0.0,0.00016542597187758478,,275000,380.900332453549
2082,5642,0.016680452164323064,0.01997158988743862,0.0,0.00024813895781637717,,275000;275000,1975.85085267855
5640,6935,0.004521643231320633,0.015713669219980395,0.0,0.00024813895781637717,,275000,35.4371800653347
2025,6935,0.004438930245381841,0.015977991153306618,0.0,0.006699751861042184,,275000;275000,15.5798331497112
5788,5789,0.0017231872070581748,0.03962268501832539,0.0,0.00934656741108354,,275000,1029.06375516092
5789,5790,0.011262751585332232,0.040276218717861155,0.0,0.010504549214226633,,275000;154000,651.268003924154
1605,6774,0.030758202371105617,0.0712376796077117,0.0,0.002315963606286187,,275000,1876.70635151225
1605,6775,0.1338430386817483,0.1876333081151208,0.0,0.010918114143920596,,500000;154000,1375.13387409073
1604,6774,0.010235732009925561,0.04479392602590972,0.0,0.008105872622001655,,275000,1924.09087942665
6066,6774,0.01483181692859112,0.05984451853385472,0.0,0.00934656741108354,,275000,9418.65244135507
5886,5887,0.10779406972955356,0.09816328765394583,0.0,0.0023986765922249793,新京葉線,500000,74.5905582926585
536,6092,0.10250896057347669,0.12325067537193153,0.0,0.022167080231596362,"京浜線1,2号線",275000,4757.90334524639
435,5786,0.01282051282051282,0.012820512820512926,0.0064102564102563875,0.006534325889164599,豊岡線 (Toyooka Sen),275000,5466.09697109239
353,5786,0.01282051282051282,0.012820512820513164,0.0064102564102563875,0.007526881720430108,,275000,480.326196125211
181,5564,8.271298593879239e-05,0.006410256410256789,0.0,0.004383788254755997,成瀬線,66000,158.790035696671
181,536,0.056506754893851666,0.06640047013912573,0.0,0.004631927212572374,"京浜線1,2号線",275000,4412.61562260696
536,5564,0.056506754893851666,0.06640047013912591,0.0,0.004714640198511167,"京浜線3,4号線;京浜線3,4号線",275000;275000,4641.47047301574
6100,7911,0.0315136476426799,0.02843258891646052,0.0,8.271298593879239e-05,,500000,211.790479606109
6100,6102,0.006534325889164598,0.015942928039702303,0.0,0.00016542597187758478,,275000,6191.72379106835
2215,6100,0.01282051282051282,0.012820512820513526,0.0064102564102563875,0.011248966087675765,,500000,1682.53419667202
7911,7912,0.018941273779983458,0.02214640198511202,0.0,0.00033085194375516956,新新潟幹線,500000,6878.81007061008
403,5936,0.05028949545078577,0.05028949545078632,0.02564102564102566,0.007030603804797354,西越谷線 (Nishi Koshigaya Sen),275000,2069.48886430539
403,5934,0.03796526054590571,0.0379652605459058,0.019230769230769273,0.008354011579818032,西越谷線 (Nishi Koshigaya Sen),275000;154000,109.572801514986
1171,6067,0.01282051282051282,0.012820512820514069,0.0064102564102563875,0.007196029776674938,花見川線,275000,5565.85149136198
5897,5898,0.03796526054590571,0.037965260545906133,0.019230769230769273,0.014061207609594707,,275000,3005.52684839648
1604,5914,0.008791011855527981,0.04363064907550331,0.0,0.011166253101736972,中東京幹線,275000,35318.3434014602
2069,6885,0.01282051282051282,0.012820512820513023,0.0064102564102563875,0.010504549214226633,,275000;66000,3911.83191101403
6885,8349,0.01276537082988696,0.016956162117452517,0.0,0.006038047973531845,,275000,272.954346804693
141,5499,0.03796526054590571,0.03796526054590581,0.019230769230769273,0.00794044665012407,,,204.937828035147
141,6071,0.025475599669148058,0.025475599669148235,0.012820512820512775,0.010587262200165426,江東線 (Kōtō-sen);江東線 (Kōtō-sen);江東線,275000;275000;275000,7201.49988166995
5499,6093,0.05028949545078577,0.05028949545078626,0.02564102564102566,0.008023159636062862,江東線,275000,10936.4337433684
480,5839,0.01282051282051282,0.012820512820513566,0.0064102564102563875,0.01033912324234905,,275000,9541.6572432819
6102,7912,0.0064516129032258064,0.01590157154673292,0.0,0.00041356492969396195,,275000,619.936781507703
437,5934,0.025475599669148058,0.025475599669148245,0.012820512820512775,0.011662531017369727,西越谷線 (Nishi Koshigaya Sen),275000,1761.71620249355
1175,5939,0.01282051282051282,0.012820512820513138,0.0064102564102563875,0.008933002481389578,,275000,660.405767033888
5897,5939,0.025475599669148058,0.02547559966914837,0.012820512820512775,0.009015715467328371,,275000,1238.15522256801
2036,5849,0.01282051282051282,0.012820512820513002,0.0064102564102563875,0.010835401157981803,逗子線,275000,42.5763125765748
453,5849,0.03138957816377171,0.03149986214502471,0.0,0.013730355665839538,"東京南線3,4号線",275000,13944.1498003177
6057,6093,0.062448304383788254,0.06244830438378831,0.03205128205128205,0.009429280397022333,江東線,275000,2024.98524278022
5766,9349,0.018609634093505058,0.11335138238994805,0.0,0.014061207609594707,東京北線 (Tōkyō Kita Sen),275000,18884.6136557184
5793,5796,0.03796526054590571,0.037965260545905904,0.019230769230769273,0.00967741935483871,春日部線 (Kasukabe Sen),275000,6715.36078725994
5796,9355,0.025475599669148058,0.02547559966914825,0.012820512820512775,0.011910669975186104,春日部線 (Kasukabe Sen),275000,13735.8968503543
2025,2082,0.01668045216432312,0.01864998022080798,0.0,0.006865177832919769,,275000;275000,2261.78121368446
467,6035,0.004106699751861041,0.039159710985542495,0.0,0.009429280397022333,南狭山線; 日高線,275000,3447.56365443917
509,5901,0.01282051282051282,0.012820512820513197,0.0064102564102563875,0.010090984284532672,,275000,9827.47203906056
486,6066,0.01104356217259443,0.05710646279739029,0.0,0.013647642679900745,,275000,1502.90990700658
2226,486,0.025849186655638266,0.06002263926294817,0.0,0.013895781637717122,新坂戸線 (Shin Sakado Sen),500000;500000,5785.04179526313
1118,486,0.01282051282051282,0.012820512820513157,0.0064102564102563875,0.011662531017369727,新坂戸線 (Shin Sakado Sen),500000;500000,10388.3771961931
1006,6063,0.3011173772464094,0.20450921863189242,0.0,0.011910669975186104,新古河線 (Shin Koga Sen),500000,35756.6288316468
6071,914,0.01282051282051282,0.012820512820512914,0.0064102564102563875,0.010669975186104219,江東線 (Kōtō-sen);江東線;江東線 (Kōtō-sen),275000;275000;275000,7712.48172457292
188,370,0.025475599669148058,0.025475599669148117,0.012820512820512775,0.011579818031430935,西北線,275000,5218.54998635856
266,370,0.01282051282051282,0.012820512820513505,0.0064102564102563875,0.012655086848635236,西北線;西北線; 稲城線;稲城線,275000;66000,829.500531458948
400,437,0.01282051282051282,0.012820512820513042,0.0064102564102563875,0.01174524400330852,西越谷線 (Nishi Koshigaya Sen),275000,2360.26666134375
5768,9355,0.01282051282051282,0.012820512820513467,0.0064102564102563875,0.01240694789081886,春日部線 (Kasukabe Sen),275000,481.599044495366
275,9174,0.0425923896891639,0.11661380751039646,0.0,0.015632754342431762,佐久間東幹線;佐久間東幹線;佐久間東幹線;佐久間東幹線;佐久間東幹線;佐久間東幹線,275000;275000;275000;275000;275000,56.9160050917612
