Fraction_Removed,RGC
0.0,1.0
0.0010559662090813093,0.9777777777777777
0.0021119324181626186,0.9777777777777777
0.003167898627243928,0.9777777777777777
0.004223864836325237,0.9777777777777777
0.005279831045406547,0.9777777777777777
0.006335797254487856,0.9777777777777777
0.007391763463569165,0.9777777777777777
0.008447729672650475,0.9777777777777777
0.009503695881731784,0.9777777777777777
0.010559662090813094,0.9777777777777777
0.011615628299894402,0.9777777777777777
0.012671594508975712,0.9777777777777777
0.013727560718057022,0.9777777777777777
0.01478352692713833,0.9777777777777777
0.01583949313621964,0.9777777777777777
0.01689545934530095,0.9777777777777777
0.01795142555438226,0.9777777777777777
0.01900739176346357,0.9777777777777777
0.02006335797254488,0.9777777777777777
0.021119324181626188,0.9777777777777777
0.022175290390707494,0.9777777777777777
0.023231256599788804,0.9777777777777777
0.024287222808870114,0.9777777777777777
0.025343189017951424,0.9777777777777777
0.026399155227032733,0.9777777777777777
0.027455121436114043,0.9777777777777777
0.028511087645195353,0.9777777777777777
0.02956705385427666,0.9777777777777777
0.03062302006335797,0.9777777777777777
0.03167898627243928,0.9777777777777777
0.03273495248152059,0.9777777777777777
0.0337909186906019,0.9777777777777777
0.034846884899683205,0.9777777777777777
0.03590285110876452,0.9777777777777777
0.036958817317845824,0.9777777777777777
0.03801478352692714,0.9777777777777777
0.039070749736008444,0.9777777777777777
0.04012671594508976,0.9777777777777777
0.04118268215417106,0.9777777777777777
0.042238648363252376,0.9777777777777777
0.04329461457233368,0.9777777777777777
0.04435058078141499,0.9777777777777777
0.0454065469904963,0.9777777777777777
0.04646251319957761,0.9555555555555556
0.04751847940865892,0.9555555555555556
0.04857444561774023,0.9555555555555556
0.04963041182682154,0.9555555555555556
0.05068637803590285,0.9555555555555556
0.051742344244984154,0.9555555555555556
0.05279831045406547,0.9555555555555556
0.05385427666314677,0.9555555555555556
0.054910242872228086,0.9555555555555556
0.05596620908130939,0.9555555555555556
0.057022175290390706,0.9555555555555556
0.05807814149947201,0.9555555555555556
0.05913410770855332,0.9555555555555556
0.06019007391763463,0.9555555555555556
0.06124604012671594,0.9555555555555556
0.06230200633579725,0.9555555555555556
0.06335797254487856,0.9555555555555556
0.06441393875395987,0.9555555555555556
0.06546990496304118,0.9555555555555556
0.06652587117212248,0.9555555555555556
0.0675818373812038,0.9555555555555556
0.06863780359028511,0.9555555555555556
0.06969376979936641,0.9555555555555556
0.07074973600844772,0.9555555555555556
0.07180570221752904,0.9555555555555556
0.07286166842661035,0.9555555555555556
0.07391763463569165,0.9555555555555556
0.07497360084477296,0.9555555555555556
0.07602956705385427,0.9555555555555556
0.07708553326293557,0.9555555555555556
0.07814149947201689,0.9555555555555556
0.0791974656810982,0.9555555555555556
0.08025343189017951,0.9555555555555556
0.08130939809926081,0.9555555555555556
0.08236536430834213,0.9555555555555556
0.08342133051742344,0.9555555555555556
0.08447729672650475,0.9555555555555556
0.08553326293558605,0.9555555555555556
0.08658922914466737,0.9555555555555556
0.08764519535374868,0.9555555555555556
0.08870116156282998,0.9555555555555556
0.08975712777191129,0.9555555555555556
0.0908130939809926,0.9333333333333333
0.09186906019007392,0.9333333333333333
0.09292502639915522,0.9333333333333333
0.09398099260823653,0.9333333333333333
0.09503695881731784,0.9333333333333333
0.09609292502639914,0.9333333333333333
0.09714889123548046,0.9333333333333333
0.09820485744456177,0.9333333333333333
0.09926082365364308,0.9333333333333333
0.10031678986272438,0.9333333333333333
0.1013727560718057,0.9333333333333333
0.10242872228088701,0.9333333333333333
0.10348468848996831,0.9333333333333333
0.10454065469904962,0.9333333333333333
0.10559662090813093,0.9333333333333333
0.10665258711721225,0.9333333333333333
0.10770855332629355,0.9333333333333333
0.10876451953537486,0.9333333333333333
0.10982048574445617,0.9333333333333333
0.11087645195353747,0.9333333333333333
0.11193241816261879,0.9333333333333333
0.1129883843717001,0.9333333333333333
0.11404435058078141,0.9333333333333333
0.11510031678986271,0.9333333333333333
0.11615628299894402,0.9333333333333333
0.11721224920802534,0.9333333333333333
0.11826821541710664,0.9333333333333333
0.11932418162618795,0.9333333333333333
0.12038014783526926,0.9333333333333333
0.12143611404435058,0.9333333333333333
0.12249208025343188,0.9333333333333333
0.12354804646251319,0.9333333333333333
0.1246040126715945,0.9333333333333333
0.12565997888067582,0.9333333333333333
0.12671594508975711,0.9333333333333333
0.12777191129883841,0.9333333333333333
0.12882787750791974,0.9333333333333333
0.12988384371700104,0.9333333333333333
0.13093980992608237,0.9333333333333333
0.13199577613516367,0.9333333333333333
0.13305174234424497,0.9333333333333333
0.1341077085533263,0.9111111111111111
0.1351636747624076,0.9111111111111111
0.1362196409714889,0.9111111111111111
0.13727560718057022,0.9111111111111111
0.13833157338965152,0.9111111111111111
0.13938753959873282,0.9111111111111111
0.14044350580781415,0.9111111111111111
0.14149947201689544,0.9111111111111111
0.14255543822597677,0.9111111111111111
0.14361140443505807,0.9111111111111111
0.14466737064413937,0.9111111111111111
0.1457233368532207,0.9111111111111111
0.146779303062302,0.9111111111111111
0.1478352692713833,0.9111111111111111
0.14889123548046462,0.9111111111111111
0.14994720168954592,0.9111111111111111
0.15100316789862722,0.9111111111111111
0.15205913410770855,0.9111111111111111
0.15311510031678985,0.9111111111111111
0.15417106652587115,0.9111111111111111
0.15522703273495247,0.9111111111111111
0.15628299894403377,0.9111111111111111
0.1573389651531151,0.9111111111111111
0.1583949313621964,0.9111111111111111
0.1594508975712777,0.9111111111111111
0.16050686378035903,0.9111111111111111
0.16156282998944033,0.9111111111111111
0.16261879619852163,0.9111111111111111
0.16367476240760295,0.9111111111111111
0.16473072861668425,0.9111111111111111
0.16578669482576555,0.9111111111111111
0.16684266103484688,0.9111111111111111
0.16789862724392818,0.9111111111111111
0.1689545934530095,0.9111111111111111
0.1700105596620908,0.9111111111111111
0.1710665258711721,0.9111111111111111
0.17212249208025343,0.9111111111111111
0.17317845828933473,0.9111111111111111
0.17423442449841603,0.9111111111111111
0.17529039070749736,0.9111111111111111
0.17634635691657866,0.8888888888888888
0.17740232312565996,0.8888888888888888
0.17845828933474128,0.8888888888888888
0.17951425554382258,0.8888888888888888
0.18057022175290388,0.8888888888888888
0.1816261879619852,0.8888888888888888
0.1826821541710665,0.8888888888888888
0.18373812038014783,0.8888888888888888
0.18479408658922913,0.8888888888888888
0.18585005279831043,0.8888888888888888
0.18690601900739176,0.8888888888888888
0.18796198521647306,0.8888888888888888
0.18901795142555436,0.8888888888888888
0.1900739176346357,0.8888888888888888
0.19112988384371699,0.8888888888888888
0.19218585005279828,0.8888888888888888
0.1932418162618796,0.8888888888888888
0.1942977824709609,0.8888888888888888
0.1953537486800422,0.8888888888888888
0.19640971488912354,0.8888888888888888
0.19746568109820484,0.8888888888888888
0.19852164730728616,0.8888888888888888
0.19957761351636746,0.8888888888888888
0.20063357972544876,0.8888888888888888
0.2016895459345301,0.8888888888888888
0.2027455121436114,0.8888888888888888
0.2038014783526927,0.8888888888888888
0.20485744456177402,0.8888888888888888
0.20591341077085532,0.8888888888888888
0.20696937697993661,0.8888888888888888
0.20802534318901794,0.8888888888888888
0.20908130939809924,0.8888888888888888
0.21013727560718057,0.8888888888888888
0.21119324181626187,0.8888888888888888
0.21224920802534317,0.8888888888888888
0.2133051742344245,0.8888888888888888
0.2143611404435058,0.8888888888888888
0.2154171066525871,0.8888888888888888
0.21647307286166842,0.8888888888888888
0.21752903907074972,0.8666666666666667
0.21858500527983102,0.8666666666666667
0.21964097148891235,0.8666666666666667
0.22069693769799364,0.8666666666666667
0.22175290390707494,0.8666666666666667
0.22280887011615627,0.8666666666666667
0.22386483632523757,0.8666666666666667
0.2249208025343189,0.8666666666666667
0.2259767687434002,0.8666666666666667
0.2270327349524815,0.8666666666666667
0.22808870116156282,0.8666666666666667
0.22914466737064412,0.8666666666666667
0.23020063357972542,0.8666666666666667
0.23125659978880675,0.8666666666666667
0.23231256599788805,0.8666666666666667
0.23336853220696935,0.8666666666666667
0.23442449841605068,0.8666666666666667
0.23548046462513197,0.8666666666666667
0.23653643083421327,0.8666666666666667
0.2375923970432946,0.8666666666666667
0.2386483632523759,0.8666666666666667
0.23970432946145723,0.8666666666666667
0.24076029567053853,0.8666666666666667
0.24181626187961983,0.8666666666666667
0.24287222808870115,0.8666666666666667
0.24392819429778245,0.8666666666666667
0.24498416050686375,0.8666666666666667
0.24604012671594508,0.8666666666666667
0.24709609292502638,0.8666666666666667
0.24815205913410768,0.8666666666666667
0.249208025343189,0.8666666666666667
0.2502639915522703,0.8666666666666667
0.25131995776135163,0.8666666666666667
0.2523759239704329,0.8666666666666667
0.25343189017951423,0.8666666666666667
0.25448785638859556,0.8666666666666667
0.25554382259767683,0.8666666666666667
0.25659978880675816,0.8666666666666667
0.2576557550158395,0.8444444444444444
0.2587117212249208,0.8444444444444444
0.2597676874340021,0.8444444444444444
0.2608236536430834,0.8444444444444444
0.26187961985216474,0.8444444444444444
0.262935586061246,0.8444444444444444
0.26399155227032733,0.8444444444444444
0.26504751847940866,0.8444444444444444
0.26610348468848993,0.8444444444444444
0.26715945089757126,0.8444444444444444
0.2682154171066526,0.8444444444444444
0.26927138331573386,0.8444444444444444
0.2703273495248152,0.8444444444444444
0.2713833157338965,0.8444444444444444
0.2724392819429778,0.8444444444444444
0.2734952481520591,0.8444444444444444
0.27455121436114044,0.8444444444444444
0.2756071805702217,0.8444444444444444
0.27666314677930304,0.8444444444444444
0.27771911298838436,0.8444444444444444
0.27877507919746564,0.8444444444444444
0.27983104540654696,0.8444444444444444
0.2808870116156283,0.8444444444444444
0.28194297782470956,0.8444444444444444
0.2829989440337909,0.8444444444444444
0.2840549102428722,0.8444444444444444
0.28511087645195354,0.8444444444444444
0.2861668426610348,0.8444444444444444
0.28722280887011614,0.8444444444444444
0.28827877507919747,0.8444444444444444
0.28933474128827874,0.8444444444444444
0.29039070749736007,0.8444444444444444
0.2914466737064414,0.8444444444444444
0.29250263991552267,0.8444444444444444
0.293558606124604,0.8444444444444444
0.2946145723336853,0.8444444444444444
0.2956705385427666,0.8444444444444444
0.2967265047518479,0.8222222222222222
0.29778247096092925,0.8222222222222222
0.2988384371700105,0.8222222222222222
0.29989440337909185,0.8222222222222222
0.30095036958817317,0.8222222222222222
0.30200633579725444,0.8222222222222222
0.30306230200633577,0.8222222222222222
0.3041182682154171,0.8222222222222222
0.30517423442449837,0.8222222222222222
0.3062302006335797,0.8222222222222222
0.307286166842661,0.8222222222222222
0.3083421330517423,0.8222222222222222
0.3093980992608236,0.8222222222222222
0.31045406546990495,0.8222222222222222
0.3115100316789863,0.8222222222222222
0.31256599788806755,0.8222222222222222
0.3136219640971489,0.8222222222222222
0.3146779303062302,0.8222222222222222
0.3157338965153115,0.8222222222222222
0.3167898627243928,0.8222222222222222
0.31784582893347413,0.8222222222222222
0.3189017951425554,0.8222222222222222
0.3199577613516367,0.8222222222222222
0.32101372756071805,0.8222222222222222
0.3220696937697993,0.8222222222222222
0.32312565997888065,0.8222222222222222
0.324181626187962,0.8222222222222222
0.32523759239704325,0.8222222222222222
0.3262935586061246,0.8222222222222222
0.3273495248152059,0.8222222222222222
0.3284054910242872,0.8222222222222222
0.3294614572333685,0.8222222222222222
0.33051742344244983,0.8222222222222222
0.3315733896515311,0.8222222222222222
0.33262935586061243,0.8222222222222222
0.33368532206969376,0.8222222222222222
0.33474128827877503,0.8
0.33579725448785636,0.8
0.3368532206969377,0.8
0.337909186906019,0.8
0.3389651531151003,0.8
0.3400211193241816,0.8
0.34107708553326294,0.8
0.3421330517423442,0.8
0.34318901795142553,0.8
0.34424498416050686,0.8
0.34530095036958813,0.8
0.34635691657866946,0.8
0.3474128827877508,0.8
0.34846884899683206,0.8
0.3495248152059134,0.8
0.3505807814149947,0.8
0.351636747624076,0.8
0.3526927138331573,0.8
0.35374868004223864,0.8
0.3548046462513199,0.8
0.35586061246040124,0.8
0.35691657866948256,0.8
0.35797254487856384,0.8
0.35902851108764516,0.8
0.3600844772967265,0.8
0.36114044350580776,0.8
0.3621964097148891,0.8
0.3632523759239704,0.8
0.3643083421330517,0.8
0.365364308342133,0.8
0.36642027455121434,0.8
0.36747624076029567,0.8
0.36853220696937694,0.8
0.36958817317845827,0.8
0.3706441393875396,0.8
0.37170010559662087,0.7777777777777778
0.3727560718057022,0.7777777777777778
0.3738120380147835,0.7777777777777778
0.3748680042238648,0.7777777777777778
0.3759239704329461,0.7777777777777778
0.37697993664202745,0.7777777777777778
0.3780359028511087,0.7777777777777778
0.37909186906019005,0.7777777777777778
0.3801478352692714,0.7777777777777778
0.38120380147835264,0.7777777777777778
0.38225976768743397,0.7777777777777778
0.3833157338965153,0.7777777777777778
0.38437170010559657,0.7777777777777778
0.3854276663146779,0.7777777777777778
0.3864836325237592,0.7777777777777778
0.3875395987328405,0.7777777777777778
0.3885955649419218,0.7777777777777778
0.38965153115100315,0.7777777777777778
0.3907074973600844,0.7777777777777778
0.39176346356916575,0.7777777777777778
0.3928194297782471,0.7777777777777778
0.3938753959873284,0.7777777777777778
0.3949313621964097,0.7777777777777778
0.395987328405491,0.7777777777777778
0.39704329461457233,0.7777777777777778
0.3980992608236536,0.7777777777777778
0.3991552270327349,0.7777777777777778
0.40021119324181625,0.7777777777777778
0.4012671594508975,0.7777777777777778
0.40232312565997885,0.7777777777777778
0.4033790918690602,0.7777777777777778
0.40443505807814145,0.7777777777777778
0.4054910242872228,0.7777777777777778
0.4065469904963041,0.7777777777777778
0.4076029567053854,0.7777777777777778
0.4086589229144667,0.7777777777777778
0.40971488912354803,0.7777777777777778
0.4107708553326293,0.7777777777777778
0.41182682154171063,0.7777777777777778
0.41288278775079196,0.7777777777777778
0.41393875395987323,0.7555555555555555
0.41499472016895456,0.7555555555555555
0.4160506863780359,0.7555555555555555
0.41710665258711715,0.7555555555555555
0.4181626187961985,0.7555555555555555
0.4192185850052798,0.7555555555555555
0.42027455121436114,0.7555555555555555
0.4213305174234424,0.7555555555555555
0.42238648363252373,0.7555555555555555
0.42344244984160506,0.7555555555555555
0.42449841605068633,0.7555555555555555
0.42555438225976766,0.7555555555555555
0.426610348468849,0.7555555555555555
0.42766631467793026,0.7555555555555555
0.4287222808870116,0.7555555555555555
0.4297782470960929,0.7555555555555555
0.4308342133051742,0.7555555555555555
0.4318901795142555,0.7555555555555555
0.43294614572333684,0.7555555555555555
0.4340021119324181,0.7555555555555555
0.43505807814149944,0.7555555555555555
0.43611404435058077,0.7555555555555555
0.43717001055966204,0.7555555555555555
0.43822597676874336,0.7555555555555555
0.4392819429778247,0.7555555555555555
0.44033790918690596,0.7555555555555555
0.4413938753959873,0.7555555555555555
0.4424498416050686,0.7555555555555555
0.4435058078141499,0.7555555555555555
0.4445617740232312,0.7555555555555555
0.44561774023231254,0.7555555555555555
0.44667370644139387,0.7555555555555555
0.44772967265047514,0.7555555555555555
0.44878563885955647,0.7555555555555555
0.4498416050686378,0.7555555555555555
0.45089757127771907,0.7555555555555555
0.4519535374868004,0.7555555555555555
0.4530095036958817,0.7555555555555555
0.454065469904963,0.7555555555555555
0.4551214361140443,0.7555555555555555
0.45617740232312565,0.7333333333333333
0.4572333685322069,0.7333333333333333
0.45828933474128825,0.7333333333333333
0.4593453009503696,0.7333333333333333
0.46040126715945084,0.7333333333333333
0.46145723336853217,0.7333333333333333
0.4625131995776135,0.7333333333333333
0.46356916578669477,0.7333333333333333
0.4646251319957761,0.7333333333333333
0.4656810982048574,0.7333333333333333
0.4667370644139387,0.7333333333333333
0.46779303062302,0.7333333333333333
0.46884899683210135,0.7333333333333333
0.4699049630411826,0.7333333333333333
0.47096092925026395,0.7333333333333333
0.4720168954593453,0.7333333333333333
0.47307286166842655,0.7333333333333333
0.4741288278775079,0.7333333333333333
0.4751847940865892,0.7333333333333333
0.47624076029567053,0.7333333333333333
0.4772967265047518,0.7333333333333333
0.4783526927138331,0.7333333333333333
0.47940865892291445,0.7333333333333333
0.4804646251319957,0.7333333333333333
0.48152059134107705,0.7333333333333333
0.4825765575501584,0.7111111111111111
0.48363252375923965,0.7111111111111111
0.484688489968321,0.7111111111111111
0.4857444561774023,0.7111111111111111
0.4868004223864836,0.7111111111111111
0.4878563885955649,0.7111111111111111
0.48891235480464623,0.7111111111111111
0.4899683210137275,0.7111111111111111
0.49102428722280883,0.7111111111111111
0.49208025343189016,0.7111111111111111
0.49313621964097143,0.7111111111111111
0.49419218585005276,0.7111111111111111
0.4952481520591341,0.7111111111111111
0.49630411826821536,0.7111111111111111
0.4973600844772967,0.7111111111111111
0.498416050686378,0.7111111111111111
0.4994720168954593,0.7111111111111111
0.5005279831045406,0.7111111111111111
0.5015839493136219,0.7111111111111111
0.5026399155227033,0.7111111111111111
0.5036958817317846,0.7111111111111111
0.5047518479408658,0.7111111111111111
0.5058078141499471,0.7111111111111111
0.5068637803590285,0.7111111111111111
0.5079197465681098,0.7111111111111111
0.5089757127771911,0.7111111111111111
0.5100316789862724,0.7111111111111111
0.5110876451953537,0.7111111111111111
0.512143611404435,0.7111111111111111
0.5131995776135163,0.7111111111111111
0.5142555438225976,0.7111111111111111
0.515311510031679,0.6888888888888889
0.5163674762407603,0.6888888888888889
0.5174234424498416,0.6888888888888889
0.5184794086589228,0.6888888888888889
0.5195353748680042,0.6888888888888889
0.5205913410770855,0.6888888888888889
0.5216473072861668,0.6888888888888889
0.5227032734952481,0.6888888888888889
0.5237592397043295,0.6888888888888889
0.5248152059134107,0.6888888888888889
0.525871172122492,0.6888888888888889
0.5269271383315733,0.6888888888888889
0.5279831045406547,0.6888888888888889
0.529039070749736,0.6888888888888889
0.5300950369588173,0.6888888888888889
0.5311510031678985,0.6888888888888889
0.5322069693769799,0.6888888888888889
0.5332629355860612,0.6888888888888889
0.5343189017951425,0.6888888888888889
0.5353748680042238,0.6888888888888889
0.5364308342133052,0.6888888888888889
0.5374868004223864,0.6888888888888889
0.5385427666314677,0.6888888888888889
0.539598732840549,0.6888888888888889
0.5406546990496304,0.6888888888888889
0.5417106652587117,0.6888888888888889
0.542766631467793,0.6888888888888889
0.5438225976768744,0.6666666666666666
0.5448785638859556,0.6666666666666666
0.5459345300950369,0.6666666666666666
0.5469904963041182,0.6666666666666666
0.5480464625131996,0.6666666666666666
0.5491024287222809,0.6666666666666666
0.5501583949313622,0.6666666666666666
0.5512143611404434,0.6666666666666666
0.5522703273495247,0.6666666666666666
0.5533262935586061,0.6666666666666666
0.5543822597676874,0.6666666666666666
0.5554382259767687,0.6666666666666666
0.5564941921858501,0.6666666666666666
0.5575501583949313,0.6666666666666666
0.5586061246040126,0.6666666666666666
0.5596620908130939,0.6666666666666666
0.5607180570221753,0.6666666666666666
0.5617740232312566,0.6666666666666666
0.5628299894403379,0.6666666666666666
0.5638859556494191,0.6666666666666666
0.5649419218585005,0.6666666666666666
0.5659978880675818,0.6666666666666666
0.5670538542766631,0.6666666666666666
0.5681098204857444,0.6666666666666666
0.5691657866948258,0.6666666666666666
0.5702217529039071,0.6666666666666666
0.5712777191129883,0.6666666666666666
0.5723336853220696,0.6666666666666666
0.573389651531151,0.6666666666666666
0.5744456177402323,0.6666666666666666
0.5755015839493136,0.6666666666666666
0.5765575501583949,0.6666666666666666
0.5776135163674762,0.6666666666666666
0.5786694825765575,0.6666666666666666
0.5797254487856388,0.6666666666666666
0.5807814149947201,0.6666666666666666
0.5818373812038015,0.6666666666666666
0.5828933474128828,0.6666666666666666
0.583949313621964,0.6666666666666666
0.5850052798310453,0.6666666666666666
0.5860612460401267,0.6666666666666666
0.587117212249208,0.6666666666666666
0.5881731784582893,0.6666666666666666
0.5892291446673706,0.6666666666666666
0.5902851108764519,0.6666666666666666
0.5913410770855332,0.6666666666666666
0.5923970432946145,0.6666666666666666
0.5934530095036958,0.6444444444444445
0.5945089757127772,0.6444444444444445
0.5955649419218585,0.6444444444444445
0.5966209081309398,0.6444444444444445
0.597676874340021,0.6444444444444445
0.5987328405491024,0.6444444444444445
0.5997888067581837,0.6444444444444445
0.600844772967265,0.6444444444444445
0.6019007391763463,0.6444444444444445
0.6029567053854277,0.6444444444444445
0.6040126715945089,0.6222222222222222
0.6050686378035902,0.6222222222222222
0.6061246040126715,0.6222222222222222
0.6071805702217529,0.6222222222222222
0.6082365364308342,0.6222222222222222
0.6092925026399155,0.6222222222222222
0.6103484688489967,0.6222222222222222
0.6114044350580781,0.6222222222222222
0.6124604012671594,0.6222222222222222
0.6135163674762407,0.6222222222222222
0.614572333685322,0.6222222222222222
0.6156282998944034,0.6222222222222222
0.6166842661034846,0.6222222222222222
0.6177402323125659,0.6222222222222222
0.6187961985216472,0.6222222222222222
0.6198521647307286,0.6222222222222222
0.6209081309398099,0.6222222222222222
0.6219640971488912,0.6222222222222222
0.6230200633579726,0.6222222222222222
0.6240760295670538,0.6222222222222222
0.6251319957761351,0.6222222222222222
0.6261879619852164,0.6222222222222222
0.6272439281942978,0.6222222222222222
0.6282998944033791,0.6222222222222222
0.6293558606124604,0.6222222222222222
0.6304118268215416,0.6
0.631467793030623,0.6
0.6325237592397043,0.6
0.6335797254487856,0.6
0.6346356916578669,0.6
0.6356916578669483,0.6
0.6367476240760295,0.6
0.6378035902851108,0.6
0.6388595564941921,0.6
0.6399155227032735,0.6
0.6409714889123548,0.6
0.6420274551214361,0.6
0.6430834213305173,0.6
0.6441393875395987,0.6
0.64519535374868,0.6
0.6462513199577613,0.6
0.6473072861668426,0.6
0.648363252375924,0.6
0.6494192185850053,0.6
0.6504751847940865,0.6
0.6515311510031678,0.6
0.6525871172122492,0.6
0.6536430834213305,0.6
0.6546990496304118,0.6
0.6557550158394931,0.6
0.6568109820485744,0.5777777777777777
0.6578669482576557,0.5777777777777777
0.658922914466737,0.5777777777777777
0.6599788806758183,0.5777777777777777
0.6610348468848997,0.5777777777777777
0.662090813093981,0.5777777777777777
0.6631467793030622,0.5777777777777777
0.6642027455121435,0.5777777777777777
0.6652587117212249,0.5777777777777777
0.6663146779303062,0.5777777777777777
0.6673706441393875,0.5777777777777777
0.6684266103484688,0.5777777777777777
0.6694825765575501,0.5777777777777777
0.6705385427666314,0.5777777777777777
0.6715945089757127,0.5777777777777777
0.672650475184794,0.5777777777777777
0.6737064413938754,0.5777777777777777
0.6747624076029567,0.5777777777777777
0.675818373812038,0.5777777777777777
0.6768743400211192,0.5777777777777777
0.6779303062302006,0.5777777777777777
0.6789862724392819,0.5777777777777777
0.6800422386483632,0.5777777777777777
0.6810982048574445,0.5777777777777777
0.6821541710665259,0.5777777777777777
0.6832101372756071,0.5555555555555556
0.6842661034846884,0.5555555555555556
0.6853220696937697,0.5555555555555556
0.6863780359028511,0.5555555555555556
0.6874340021119324,0.5555555555555556
0.6884899683210137,0.5555555555555556
0.6895459345300949,0.5555555555555556
0.6906019007391763,0.5555555555555556
0.6916578669482576,0.5555555555555556
0.6927138331573389,0.5555555555555556
0.6937697993664202,0.5555555555555556
0.6948257655755016,0.5555555555555556
0.6958817317845828,0.5555555555555556
0.6969376979936641,0.5555555555555556
0.6979936642027454,0.5555555555555556
0.6990496304118268,0.5555555555555556
0.7001055966209081,0.5555555555555556
0.7011615628299894,0.5555555555555556
0.7022175290390706,0.5555555555555556
0.703273495248152,0.5555555555555556
0.7043294614572333,0.5555555555555556
0.7053854276663146,0.5555555555555556
0.706441393875396,0.5555555555555556
0.7074973600844773,0.5555555555555556
0.7085533262935586,0.5333333333333333
0.7096092925026398,0.5333333333333333
0.7106652587117211,0.5333333333333333
0.7117212249208025,0.5333333333333333
0.7127771911298838,0.5333333333333333
0.7138331573389651,0.5333333333333333
0.7148891235480465,0.5333333333333333
0.7159450897571277,0.5333333333333333
0.717001055966209,0.5333333333333333
0.7180570221752903,0.5333333333333333
0.7191129883843717,0.5333333333333333
0.720168954593453,0.5333333333333333
0.7212249208025343,0.5333333333333333
0.7222808870116155,0.5333333333333333
0.7233368532206969,0.5333333333333333
0.7243928194297782,0.5333333333333333
0.7254487856388595,0.5333333333333333
0.7265047518479408,0.5333333333333333
0.7275607180570222,0.5333333333333333
0.7286166842661034,0.5333333333333333
0.7296726504751847,0.5333333333333333
0.730728616684266,0.5333333333333333
0.7317845828933474,0.5333333333333333
0.7328405491024287,0.5111111111111111
0.73389651531151,0.5111111111111111
0.7349524815205913,0.5111111111111111
0.7360084477296726,0.5111111111111111
0.7370644139387539,0.5111111111111111
0.7381203801478352,0.5111111111111111
0.7391763463569165,0.5111111111111111
0.7402323125659979,0.5111111111111111
0.7412882787750792,0.5111111111111111
0.7423442449841604,0.5111111111111111
0.7434002111932417,0.5111111111111111
0.7444561774023231,0.5111111111111111
0.7455121436114044,0.5111111111111111
0.7465681098204857,0.5111111111111111
0.747624076029567,0.5111111111111111
0.7486800422386483,0.5111111111111111
0.7497360084477296,0.5111111111111111
0.7507919746568109,0.5111111111111111
0.7518479408658922,0.5111111111111111
0.7529039070749736,0.5111111111111111
0.7539598732840549,0.5111111111111111
0.7550158394931361,0.5111111111111111
0.7560718057022174,0.4888888888888889
0.7571277719112988,0.4888888888888889
0.7581837381203801,0.4888888888888889
0.7592397043294614,0.4888888888888889
0.7602956705385427,0.4888888888888889
0.7613516367476241,0.4888888888888889
0.7624076029567053,0.4888888888888889
0.7634635691657866,0.4888888888888889
0.7645195353748679,0.4888888888888889
0.7655755015839493,0.4888888888888889
0.7666314677930306,0.4888888888888889
0.7676874340021119,0.4888888888888889
0.7687434002111931,0.4888888888888889
0.7697993664202745,0.4888888888888889
0.7708553326293558,0.4888888888888889
0.7719112988384371,0.4888888888888889
0.7729672650475184,0.4888888888888889
0.7740232312565998,0.4888888888888889
0.775079197465681,0.4888888888888889
0.7761351636747623,0.4888888888888889
0.7771911298838436,0.4888888888888889
0.778247096092925,0.4666666666666667
0.7793030623020063,0.4666666666666667
0.7803590285110876,0.4666666666666667
0.7814149947201688,0.4666666666666667
0.7824709609292502,0.4666666666666667
0.7835269271383315,0.4666666666666667
0.7845828933474128,0.4666666666666667
0.7856388595564942,0.4666666666666667
0.7866948257655755,0.4666666666666667
0.7877507919746568,0.4666666666666667
0.788806758183738,0.4666666666666667
0.7898627243928193,0.4666666666666667
0.7909186906019007,0.4666666666666667
0.791974656810982,0.4666666666666667
0.7930306230200633,0.4666666666666667
0.7940865892291447,0.4666666666666667
0.7951425554382259,0.4666666666666667
0.7961985216473072,0.4666666666666667
0.7972544878563885,0.4666666666666667
0.7983104540654699,0.4666666666666667
0.7993664202745512,0.4444444444444444
0.8004223864836325,0.4444444444444444
0.8014783526927137,0.4444444444444444
0.802534318901795,0.4444444444444444
0.8035902851108764,0.4444444444444444
0.8046462513199577,0.4444444444444444
0.805702217529039,0.4444444444444444
0.8067581837381204,0.4444444444444444
0.8078141499472016,0.4444444444444444
0.8088701161562829,0.4444444444444444
0.8099260823653642,0.4444444444444444
0.8109820485744456,0.4444444444444444
0.8120380147835269,0.4444444444444444
0.8130939809926082,0.4444444444444444
0.8141499472016895,0.4444444444444444
0.8152059134107708,0.4444444444444444
0.8162618796198521,0.4444444444444444
0.8173178458289334,0.4444444444444444
0.8183738120380147,0.4444444444444444
0.8194297782470961,0.4222222222222222
0.8204857444561774,0.4222222222222222
0.8215417106652586,0.4222222222222222
0.8225976768743399,0.4222222222222222
0.8236536430834213,0.4222222222222222
0.8247096092925026,0.4222222222222222
0.8257655755015839,0.4222222222222222
0.8268215417106652,0.4222222222222222
0.8278775079197465,0.4222222222222222
0.8289334741288278,0.4222222222222222
0.8299894403379091,0.4222222222222222
0.8310454065469904,0.4222222222222222
0.8321013727560718,0.4222222222222222
0.8331573389651531,0.4222222222222222
0.8342133051742343,0.4222222222222222
0.8352692713833156,0.4222222222222222
0.836325237592397,0.4222222222222222
0.8373812038014783,0.4222222222222222
0.8384371700105596,0.4222222222222222
0.839493136219641,0.4222222222222222
0.8405491024287223,0.4222222222222222
0.8416050686378035,0.4222222222222222
0.8426610348468848,0.4222222222222222
0.8437170010559661,0.4222222222222222
0.8447729672650475,0.4
0.8458289334741288,0.4
0.8468848996832101,0.4
0.8479408658922913,0.4
0.8489968321013727,0.4
0.850052798310454,0.4
0.8511087645195353,0.4
0.8521647307286166,0.4
0.853220696937698,0.4
0.8542766631467792,0.4
0.8553326293558605,0.4
0.8563885955649418,0.4
0.8574445617740232,0.4
0.8585005279831045,0.4
0.8595564941921858,0.37777777777777777
0.860612460401267,0.37777777777777777
0.8616684266103484,0.37777777777777777
0.8627243928194297,0.37777777777777777
0.863780359028511,0.37777777777777777
0.8648363252375924,0.37777777777777777
0.8658922914466737,0.37777777777777777
0.866948257655755,0.37777777777777777
0.8680042238648362,0.37777777777777777
0.8690601900739175,0.37777777777777777
0.8701161562829989,0.37777777777777777
0.8711721224920802,0.37777777777777777
0.8722280887011615,0.37777777777777777
0.8732840549102429,0.37777777777777777
0.8743400211193241,0.35555555555555557
0.8753959873284054,0.35555555555555557
0.8764519535374867,0.35555555555555557
0.877507919746568,0.35555555555555557
0.8785638859556494,0.35555555555555557
0.8796198521647307,0.35555555555555557
0.8806758183738119,0.35555555555555557
0.8817317845828933,0.35555555555555557
0.8827877507919746,0.35555555555555557
0.8838437170010559,0.35555555555555557
0.8848996832101372,0.35555555555555557
0.8859556494192186,0.35555555555555557
0.8870116156282998,0.35555555555555557
0.8880675818373811,0.35555555555555557
0.8891235480464624,0.35555555555555557
0.8901795142555438,0.35555555555555557
0.8912354804646251,0.35555555555555557
0.8922914466737064,0.3333333333333333
0.8933474128827877,0.3333333333333333
0.894403379091869,0.3333333333333333
0.8954593453009503,0.3333333333333333
0.8965153115100316,0.3333333333333333
0.8975712777191129,0.3333333333333333
0.8986272439281943,0.3333333333333333
0.8996832101372756,0.3333333333333333
0.9007391763463568,0.3333333333333333
0.9017951425554381,0.3333333333333333
0.9028511087645195,0.3333333333333333
0.9039070749736008,0.3333333333333333
0.9049630411826821,0.3111111111111111
0.9060190073917634,0.3111111111111111
0.9070749736008447,0.3111111111111111
0.908130939809926,0.3111111111111111
0.9091869060190073,0.3111111111111111
0.9102428722280886,0.3111111111111111
0.91129883843717,0.3111111111111111
0.9123548046462513,0.3111111111111111
0.9134107708553325,0.3111111111111111
0.9144667370644138,0.3111111111111111
0.9155227032734952,0.3111111111111111
0.9165786694825765,0.3111111111111111
0.9176346356916578,0.3111111111111111
0.9186906019007391,0.28888888888888886
0.9197465681098205,0.28888888888888886
0.9208025343189017,0.28888888888888886
0.921858500527983,0.28888888888888886
0.9229144667370643,0.28888888888888886
0.9239704329461457,0.28888888888888886
0.925026399155227,0.28888888888888886
0.9260823653643083,0.28888888888888886
0.9271383315733895,0.28888888888888886
0.9281942977824709,0.28888888888888886
0.9292502639915522,0.28888888888888886
0.9303062302006335,0.26666666666666666
0.9313621964097148,0.26666666666666666
0.9324181626187962,0.26666666666666666
0.9334741288278774,0.26666666666666666
0.9345300950369587,0.26666666666666666
0.93558606124604,0.26666666666666666
0.9366420274551214,0.26666666666666666
0.9376979936642027,0.26666666666666666
0.938753959873284,0.26666666666666666
0.9398099260823652,0.26666666666666666
0.9408658922914466,0.26666666666666666
0.9419218585005279,0.24444444444444444
0.9429778247096092,0.24444444444444444
0.9440337909186906,0.24444444444444444
0.9450897571277719,0.24444444444444444
0.9461457233368531,0.24444444444444444
0.9472016895459344,0.24444444444444444
0.9482576557550157,0.24444444444444444
0.9493136219640971,0.24444444444444444
0.9503695881731784,0.24444444444444444
0.9514255543822597,0.24444444444444444
0.9524815205913411,0.2222222222222222
0.9535374868004223,0.2222222222222222
0.9545934530095036,0.2222222222222222
0.9556494192185849,0.2222222222222222
0.9567053854276663,0.2222222222222222
0.9577613516367476,0.2222222222222222
0.9588173178458289,0.2222222222222222
0.9598732840549101,0.2222222222222222
0.9609292502639915,0.2222222222222222
0.9619852164730728,0.2
0.9630411826821541,0.2
0.9640971488912354,0.2
0.9651531151003168,0.2
0.966209081309398,0.2
0.9672650475184793,0.2
0.9683210137275606,0.2
0.969376979936642,0.2
0.9704329461457233,0.2
0.9714889123548046,0.2
0.9725448785638858,0.2
0.9736008447729672,0.2
0.9746568109820485,0.2
0.9757127771911298,0.2
0.9767687434002111,0.17777777777777778
0.9778247096092925,0.15555555555555556
0.9788806758183738,0.15555555555555556
0.979936642027455,0.15555555555555556
0.9809926082365363,0.15555555555555556
0.9820485744456177,0.15555555555555556
0.983104540654699,0.15555555555555556
0.9841605068637803,0.13333333333333333
0.9852164730728616,0.13333333333333333
0.9862724392819429,0.13333333333333333
0.9873284054910242,0.13333333333333333
0.9883843717001055,0.13333333333333333
0.9894403379091868,0.13333333333333333
0.9904963041182682,0.1111111111111111
0.9915522703273495,0.1111111111111111
0.9926082365364307,0.1111111111111111
0.993664202745512,0.1111111111111111
0.9947201689545934,0.1111111111111111
0.9957761351636747,0.08888888888888889
0.996832101372756,0.06666666666666667
0.9978880675818373,0.06666666666666667
0.9989440337909186,0.044444444444444446
1.0,0.022222222222222223
