method,metric,network,auc,runtime_s,skipped,skip_reason
LDC,LDC,karate,0.5823906485671191,0.00030650000007881317,False,
Jaccard,Jaccard,karate,0.5601432880844646,0.00034890000006271293,False,
LKS,LKS,karate,0.5982277526395173,0.000565199999982724,False,
CI,CI_e_av_skin,karate,0.6796757164404224,0.0012744000000566302,False,
CI,CI_e_mul_skin,karate,0.658182503770739,0.0012744000000566302,False,
CI,CI_e_av_body,karate,0.605392156862745,0.0012744000000566302,False,
CI,CI_e_mul_body,karate,0.576734539969834,0.0012744000000566302,False,
LLBC/LLBME,LLBCe,karate,0.6453619909502262,0.053001400000084686,False,
LLBC/LLBME,LLBMEe1,karate,0.5695701357466062,0.053001400000084686,False,
EBC,EBC,karate,0.6091628959276016,0.00274970000009489,False,
CFEdge,CFEdge,karate,0.5439291101055806,0.0013769000001957465,False,
EffRes,EffRes,karate,0.5156485671191553,0.0007697000000916887,False,
KFC,KFC,karate,0.5439291101055806,0.001035400000091613,False,
KFC_fast,KFC_fast,karate,0.5782428355957767,0.0040143999999600055,False,
KFC_v2,KFC_v2,karate,0.48472850678733026,0.002332300000034593,False,
MinCutCrit,MinCutCrit,karate,0.5537330316742082,0.30242309999994177,False,
BridgeImpact,BridgeImpact,karate,0.6559200603318249,0.00145169999996142,False,
LDC,LDC,dolphins,0.6720937309799148,0.00035280000020065927,False,
Jaccard,Jaccard,dolphins,0.454199634814364,0.000594699999965087,False,
LKS,LKS,dolphins,0.6846723473321161,0.0004428000002008048,False,
CI,CI_e_av_skin,dolphins,0.6071718401298437,0.0020595000000867003,False,
CI,CI_e_mul_skin,dolphins,0.6081862446743761,0.0020595000000867003,False,
CI,CI_e_av_body,dolphins,0.6349665246500305,0.0020595000000867003,False,
CI,CI_e_mul_body,dolphins,0.6277642523838507,0.0020595000000867003,False,
LLBC/LLBME,LLBCe,dolphins,0.4549097179955366,0.17743370000016512,False,
LLBC/LLBME,LLBMEe1,dolphins,0.6097078514911747,0.17743370000016512,False,
EBC,EBC,dolphins,0.5140495029417732,0.005615200000192999,False,
CFEdge,CFEdge,dolphins,0.4242747007506593,0.004012399999737681,False,
EffRes,EffRes,dolphins,0.4422296611888822,0.0031592999998792948,False,
KFC,KFC,dolphins,0.4242747007506593,0.0037866999996367667,False,
KFC_fast,KFC_fast,dolphins,0.4756035707039967,0.005623400000331458,False,
KFC_v2,KFC_v2,dolphins,0.3374416717386894,0.005578000000241445,False,
MinCutCrit,MinCutCrit,dolphins,0.3895820653276526,1.8855100999999195,False,
BridgeImpact,BridgeImpact,dolphins,0.5730878474335566,0.0035407000000304834,False,
LDC,LDC,lesmis,0.6086000613559669,0.0007145999998101615,False,
Jaccard,Jaccard,lesmis,0.33300951017486446,0.0010086000002047513,False,
LKS,LKS,lesmis,0.6791594232539115,0.0007758000001558685,False,
CI,CI_e_av_skin,lesmis,0.6901523673177217,0.004109599999992497,False,
CI,CI_e_mul_skin,lesmis,0.769608344411494,0.004109599999992497,False,
CI,CI_e_av_body,lesmis,0.5198384292872482,0.004109599999992497,False,
CI,CI_e_mul_body,lesmis,0.6290520503118929,0.004109599999992497,False,
LLBC/LLBME,LLBCe,lesmis,0.4029553124041313,0.6024815999999191,False,
LLBC/LLBME,LLBMEe1,lesmis,0.38045812455261274,0.6024815999999191,False,
EBC,EBC,lesmis,0.4005010737294202,0.00909559999990961,False,
CFEdge,CFEdge,lesmis,0.33674199815932093,0.00469020000036835,False,
EffRes,EffRes,lesmis,0.4090397791185192,0.003766699999687262,False,
KFC,KFC,lesmis,0.33674199815932093,0.004443299999820738,False,
KFC_fast,KFC_fast,lesmis,0.3601083955414664,0.0068123999999443186,False,
KFC_v2,KFC_v2,lesmis,0.2852029859903875,0.00868609999997716,False,
MinCutCrit,MinCutCrit,lesmis,0.4383883832702731,2.8258443999998235,False,
BridgeImpact,BridgeImpact,lesmis,0.6047653134267308,0.008609599999999773,False,
LDC,LDC,football,0.8077452301581673,0.0008542999999008316,False,
Jaccard,Jaccard,football,0.3693027874317327,0.0017430999996577157,False,
LKS,LKS,football,0.8458472232073198,0.0008631000000605127,False,
CI,CI_e_av_skin,football,0.828838924746436,0.011034600000130013,False,
CI,CI_e_mul_skin,football,0.8347116816795517,0.011034600000130013,False,
CI,CI_e_av_body,football,0.7787928221859706,0.011034600000130013,False,
CI,CI_e_mul_body,football,0.7838853819419818,0.011034600000130013,False,
LLBC/LLBME,LLBCe,football,0.46189091424923756,2.8241777000002912,False,
LLBC/LLBME,LLBMEe1,football,0.4393077523228598,2.8241777000002912,False,
EBC,EBC,football,0.445237250868856,0.028055400000084774,False,
CFEdge,CFEdge,football,0.3449322646996241,0.014146600000003673,False,
EffRes,EffRes,football,0.4530817788495638,0.011113099999874976,False,
KFC,KFC,football,0.3449322646996241,0.013636700000006385,False,
KFC_fast,KFC_fast,football,0.39042485282644157,0.033473700000286044,False,
KFC_v2,KFC_v2,football,0.3340520604298177,0.0177680000001601,False,
MinCutCrit,MinCutCrit,football,0.7472444854244982,7.17695330000015,False,
BridgeImpact,BridgeImpact,football,0.8401446911128448,0.0034812000003512367,False,
LDC,LDC,jazz,0.9138328949598096,0.0038397999996959697,False,
Jaccard,Jaccard,jazz,0.6351378482122465,0.015004100000169274,False,
LKS,LKS,jazz,0.8676563225250316,0.0037746000002698565,False,
CI,CI_e_av_skin,jazz,0.6905497351339802,0.03996950000009747,False,
CI,CI_e_mul_skin,jazz,0.7659536650236869,0.03996950000009747,False,
CI,CI_e_av_body,jazz,0.8790061445969543,0.03996950000009747,False,
CI,CI_e_mul_body,jazz,0.9148735716022368,0.03996950000009747,False,
LLBC/LLBME,LLBCe,jazz,0.5850177559696159,112.21228540000038,False,
LLBC/LLBME,LLBMEe1,jazz,0.7700574306154175,112.21228540000038,False,
EBC,EBC,jazz,0.6662163207568021,0.12788960000034422,False,
CFEdge,CFEdge,jazz,0.5689655489983718,0.03269540000019333,False,
EffRes,EffRes,jazz,0.5650165034738339,0.021150200000192854,False,
KFC,KFC,jazz,0.5670315481584629,0.0319244999991497,False,
KFC_fast,KFC_fast,jazz,0.5914202197024954,0.1497269999999844,False,
KFC_v2,KFC_v2,jazz,0.4103627448813445,0.0485290000005989,False,
MinCutCrit,MinCutCrit,jazz,0.5747491324624804,41.20261269999992,False,
BridgeImpact,BridgeImpact,jazz,0.7570462097267349,0.06572240000059537,False,
LDC,LDC,tokyo,0.22909919028340078,0.0006766999995306833,False,
Jaccard,Jaccard,tokyo,0.3679318488529014,0.0006437000001824345,False,
LKS,LKS,tokyo,0.34148110661268555,0.0013287000001582783,False,
CI,CI_e_av_skin,tokyo,0.2749493927125506,0.002880600000025879,False,
CI,CI_e_mul_skin,tokyo,0.2556511470985155,0.002880600000025879,False,
CI,CI_e_av_body,tokyo,0.2700573549257759,0.002880600000025879,False,
CI,CI_e_mul_body,tokyo,0.2512651821862348,0.002880600000025879,False,
LLBC/LLBME,LLBCe,tokyo,0.3062246963562753,0.37520709999989776,False,
LLBC/LLBME,LLBMEe1,tokyo,0.1933367071524966,0.37520709999989776,False,
EBC,EBC,tokyo,0.20811403508771928,0.05777699999998731,False,
CFEdge,CFEdge,tokyo,0.17879554655870444,0.0315056999997978,False,
EffRes,EffRes,tokyo,0.387027665317139,0.02524809999977151,False,
KFC,KFC,tokyo,0.17879554655870444,0.02506930000072316,False,
KFC_fast,KFC_fast,tokyo,0.1833502024291498,0.04382119999991119,False,
KFC_v2,KFC_v2,tokyo,0.10926113360323887,0.027564999999412976,False,
MinCutCrit,MinCutCrit,tokyo,0.2852058029689608,4.667796500000804,False,
BridgeImpact,BridgeImpact,tokyo,0.4261302294197031,0.05380349999995815,False,
